{
  "Date": "2019-12-01T20:53:56.3240892+01:00",
  "TaskName": "4",
  "Source": "C:\\Users\\alexa\\Desktop\\oui\\4\\2\\Prosit4",
  "Target": "C:\\Users\\alexa\\Desktop\\oui\\4\\2\\xd\\SAVES",
  "FilesSize": 3275917,
  "TransfertTime": {
    "Ticks": 4948311,
    "Days": 0,
    "Hours": 0,
    "Milliseconds": 494,
    "Minutes": 0,
    "Seconds": 0,
    "TotalDays": 5.727211805555556E-06,
    "TotalHours": 0.00013745308333333332,
    "TotalMilliseconds": 494.83110000000005,
    "TotalMinutes": 0.008247185,
    "TotalSeconds": 0.49483109999999997
  }
}