{
  "Date": "2019-12-02T09:37:29.1243853+01:00",
  "TaskName": "4",
  "Source": "C:\\Users\\alexa\\Desktop\\oui\\4\\2\\Prosit4",
  "Target": "C:\\Users\\alexa\\Desktop\\oui\\4\\2\\xd\\SAVES",
  "FilesSize": 3275917,
  "TransfertTime": {
    "Ticks": 3069415,
    "Days": 0,
    "Hours": 0,
    "Milliseconds": 306,
    "Minutes": 0,
    "Seconds": 0,
    "TotalDays": 3.5525636574074075E-06,
    "TotalHours": 8.526152777777778E-05,
    "TotalMilliseconds": 306.9415,
    "TotalMinutes": 0.005115691666666667,
    "TotalSeconds": 0.3069415
  }
}